               epoch,      train/box_loss,      train/obj_loss,      train/cls_loss,   metrics/precision,      metrics/recall,     metrics/mAP_0.5,metrics/mAP_0.5:0.95,        val/box_loss,        val/obj_loss,        val/cls_loss,               x/lr0,               x/lr1,               x/lr2
                   0,             0.11309,            0.025244,                   0,            0.038091,             0.16284,            0.016976,           0.0034555,            0.091604,            0.016108,                   0,           0.0032759,           0.0032759,            0.070517
                   1,            0.081779,            0.016165,                   0,             0.24125,             0.42661,             0.19987,            0.039377,            0.075095,            0.013223,                   0,           0.0065874,           0.0065874,            0.040495
                   2,            0.070978,            0.013258,                   0,             0.49995,             0.44037,             0.33926,            0.074857,            0.068002,            0.015618,                   0,           0.0098769,           0.0098769,            0.010452
                   3,            0.061975,            0.012684,                   0,              0.6566,             0.46445,             0.48585,             0.13577,            0.063946,            0.011826,                   0,            0.009901,            0.009901,            0.009901
                   4,            0.060398,            0.012053,                   0,             0.68916,             0.47592,             0.49928,             0.14967,            0.059665,            0.019364,                   0,            0.009901,            0.009901,            0.009901
                   5,             0.05812,            0.011122,                   0,             0.75991,             0.57798,             0.61481,             0.19127,            0.057588,           0.0096628,                   0,            0.009868,            0.009868,            0.009868
                   6,            0.055996,            0.011203,                   0,             0.80287,             0.56995,             0.61297,             0.19774,            0.052783,           0.0090308,                   0,            0.009835,            0.009835,            0.009835
                   7,            0.054059,            0.010403,                   0,             0.66308,             0.46789,             0.46353,             0.12326,             0.05886,           0.0088479,                   0,            0.009802,            0.009802,            0.009802
                   8,            0.052894,            0.010584,                   0,             0.74817,             0.61009,             0.63538,             0.19941,            0.052101,           0.0090564,                   0,            0.009769,            0.009769,            0.009769
                   9,            0.052859,            0.010654,                   0,             0.80986,             0.59633,             0.67148,             0.22133,            0.053261,           0.0084313,                   0,            0.009736,            0.009736,            0.009736
                  10,            0.052275,            0.010393,                   0,             0.72899,             0.58142,             0.61548,             0.19325,            0.052535,            0.008592,                   0,            0.009703,            0.009703,            0.009703
                  11,             0.05262,            0.010627,                   0,             0.77226,             0.56422,             0.60663,             0.18358,            0.052155,           0.0083596,                   0,             0.00967,             0.00967,             0.00967
                  12,            0.051852,            0.010534,                   0,             0.74745,             0.56193,             0.61948,             0.19136,            0.050618,           0.0082421,                   0,            0.009637,            0.009637,            0.009637
                  13,            0.050943,            0.010398,                   0,             0.79959,             0.62271,             0.67352,             0.21027,            0.049789,           0.0080886,                   0,            0.009604,            0.009604,            0.009604
                  14,            0.050927,            0.010301,                   0,             0.72679,             0.54472,             0.59944,             0.19005,            0.052765,           0.0087841,                   0,            0.009571,            0.009571,            0.009571
                  15,            0.049219,            0.010507,                   0,             0.82064,             0.61124,             0.69492,             0.22934,            0.050277,           0.0079953,                   0,            0.009538,            0.009538,            0.009538
                  16,            0.049501,            0.010191,                   0,             0.79314,             0.64195,             0.70637,              0.2367,             0.04889,           0.0081104,                   0,            0.009505,            0.009505,            0.009505
                  17,            0.049699,           0.0099826,                   0,             0.78613,             0.59862,             0.66333,             0.20603,            0.050299,           0.0082793,                   0,            0.009472,            0.009472,            0.009472
                  18,            0.049297,            0.010211,                   0,             0.78984,             0.60206,             0.66034,             0.22407,            0.050024,           0.0089133,                   0,            0.009439,            0.009439,            0.009439
                  19,            0.050627,            0.010615,                   0,              0.8152,             0.61239,             0.68986,             0.23483,            0.049067,           0.0082127,                   0,            0.009406,            0.009406,            0.009406
                  20,            0.049126,            0.011167,                   0,             0.75845,             0.58694,             0.64259,             0.19739,            0.049645,           0.0081306,                   0,            0.009373,            0.009373,            0.009373
                  21,            0.048764,             0.01027,                   0,              0.7713,              0.6055,             0.66635,             0.21855,            0.049965,           0.0080286,                   0,             0.00934,             0.00934,             0.00934
                  22,            0.049385,            0.010365,                   0,             0.74725,             0.57298,             0.64366,             0.19974,            0.049361,           0.0083518,                   0,            0.009307,            0.009307,            0.009307
                  23,            0.048532,           0.0093225,                   0,             0.83253,              0.6157,             0.71279,             0.24305,            0.048731,           0.0078192,                   0,            0.009274,            0.009274,            0.009274
                  24,            0.048125,            0.010291,                   0,             0.76901,             0.64905,             0.70613,             0.23397,            0.047368,           0.0078715,                   0,            0.009241,            0.009241,            0.009241
                  25,            0.048717,            0.010371,                   0,             0.74289,              0.5539,              0.5982,              0.1911,            0.050482,            0.008187,                   0,            0.009208,            0.009208,            0.009208
                  26,            0.047559,           0.0095744,                   0,             0.84175,             0.66055,             0.72983,             0.25144,            0.048827,           0.0078589,                   0,            0.009175,            0.009175,            0.009175
                  27,            0.048996,           0.0099074,                   0,             0.79853,             0.64106,              0.6831,             0.23503,            0.048079,           0.0078558,                   0,            0.009142,            0.009142,            0.009142
                  28,            0.048141,           0.0093165,                   0,             0.76532,             0.59518,             0.64462,             0.21549,            0.051126,           0.0086373,                   0,            0.009109,            0.009109,            0.009109
                  29,            0.047389,           0.0096982,                   0,             0.79831,             0.66743,             0.71134,             0.25207,            0.049036,           0.0078055,                   0,            0.009076,            0.009076,            0.009076
                  30,            0.047491,           0.0097351,                   0,             0.79528,             0.62844,             0.68304,             0.22088,            0.048385,           0.0077502,                   0,            0.009043,            0.009043,            0.009043
                  31,            0.047264,           0.0096186,                   0,             0.81018,             0.59404,             0.67502,             0.22145,            0.048248,           0.0079002,                   0,             0.00901,             0.00901,             0.00901
                  32,            0.047827,           0.0099226,                   0,              0.7561,             0.61927,             0.66915,             0.22002,            0.048295,           0.0079273,                   0,            0.008977,            0.008977,            0.008977
                  33,            0.047437,           0.0096516,                   0,             0.74649,             0.61459,             0.66738,              0.2157,            0.050006,           0.0078879,                   0,            0.008944,            0.008944,            0.008944
                  34,            0.047348,           0.0098156,                   0,             0.83203,             0.66628,             0.71743,             0.25092,             0.04764,           0.0077319,                   0,            0.008911,            0.008911,            0.008911
                  35,            0.046568,           0.0095518,                   0,             0.76843,             0.59862,             0.64964,             0.21267,            0.052496,           0.0085885,                   0,            0.008878,            0.008878,            0.008878
                  36,            0.045975,           0.0099387,                   0,             0.79265,             0.62729,             0.69128,             0.23757,            0.049219,           0.0077361,                   0,            0.008845,            0.008845,            0.008845
                  37,            0.046521,           0.0095985,                   0,             0.75663,             0.61009,             0.67548,             0.22538,            0.049594,           0.0078304,                   0,            0.008812,            0.008812,            0.008812
                  38,            0.046298,           0.0093769,                   0,             0.78884,             0.60092,             0.66275,             0.21527,            0.049595,           0.0081985,                   0,            0.008779,            0.008779,            0.008779
                  39,            0.045991,            0.009347,                   0,             0.77771,             0.63393,             0.69401,             0.23044,            0.048469,           0.0078755,                   0,            0.008746,            0.008746,            0.008746
                  40,            0.046877,           0.0096881,                   0,             0.79449,              0.5906,             0.67506,             0.21945,            0.049583,           0.0078298,                   0,            0.008713,            0.008713,            0.008713
                  41,            0.045841,            0.010258,                   0,             0.82501,             0.63417,             0.71451,             0.24567,            0.048245,           0.0076805,                   0,             0.00868,             0.00868,             0.00868
                  42,            0.047274,           0.0093513,                   0,             0.79466,             0.63021,             0.69983,             0.22323,            0.049376,           0.0076991,                   0,            0.008647,            0.008647,            0.008647
                  43,            0.047035,           0.0092625,                   0,             0.76645,             0.61009,               0.673,             0.21785,            0.049079,           0.0075662,                   0,            0.008614,            0.008614,            0.008614
                  44,            0.045539,            0.009493,                   0,             0.82635,             0.64679,             0.70901,             0.24719,            0.047509,           0.0075697,                   0,            0.008581,            0.008581,            0.008581
                  45,            0.046363,           0.0096233,                   0,             0.81407,             0.67281,             0.72577,             0.25415,            0.048121,           0.0075222,                   0,            0.008548,            0.008548,            0.008548
                  46,            0.045907,           0.0087009,                   0,             0.81719,             0.61124,             0.69786,             0.23954,             0.04821,           0.0076183,                   0,            0.008515,            0.008515,            0.008515
                  47,            0.045073,           0.0096589,                   0,             0.76941,             0.64667,              0.7093,             0.24137,            0.047281,           0.0077475,                   0,            0.008482,            0.008482,            0.008482
                  48,            0.045532,           0.0097154,                   0,              0.7674,             0.66969,             0.71518,             0.24706,            0.047915,           0.0075437,                   0,            0.008449,            0.008449,            0.008449
                  49,            0.045319,           0.0091072,                   0,              0.7415,             0.62831,             0.67176,              0.2223,            0.047977,           0.0076673,                   0,            0.008416,            0.008416,            0.008416
                  50,            0.046009,           0.0093539,                   0,             0.82512,             0.63991,              0.7089,             0.24064,            0.048411,           0.0076742,                   0,            0.008383,            0.008383,            0.008383
                  51,            0.045292,           0.0089404,                   0,             0.83013,             0.63417,             0.71729,             0.24689,             0.04892,           0.0076151,                   0,             0.00835,             0.00835,             0.00835
                  52,            0.044848,           0.0091563,                   0,             0.80189,             0.65452,              0.7093,             0.24446,            0.048246,           0.0076868,                   0,            0.008317,            0.008317,            0.008317
                  53,            0.044979,           0.0092833,                   0,             0.78395,             0.62835,             0.68602,             0.23211,            0.048288,           0.0075008,                   0,            0.008284,            0.008284,            0.008284
                  54,            0.045173,           0.0091599,                   0,             0.78179,             0.62041,             0.70153,             0.23839,            0.047789,           0.0077479,                   0,            0.008251,            0.008251,            0.008251
                  55,             0.04574,           0.0093935,                   0,             0.76927,             0.63851,              0.6998,             0.23373,            0.047596,           0.0076556,                   0,            0.008218,            0.008218,            0.008218
                  56,            0.045379,           0.0092355,                   0,             0.81786,             0.63853,             0.70593,             0.23922,             0.04795,           0.0078089,                   0,            0.008185,            0.008185,            0.008185
                  57,            0.045659,           0.0094758,                   0,             0.79927,             0.63991,             0.70059,             0.23583,            0.049223,           0.0075316,                   0,            0.008152,            0.008152,            0.008152
                  58,            0.044113,           0.0091675,                   0,             0.81392,             0.65252,             0.71839,             0.24387,            0.047385,           0.0076091,                   0,            0.008119,            0.008119,            0.008119
                  59,            0.043785,           0.0093208,                   0,             0.74058,             0.62271,             0.67764,              0.2197,            0.049988,           0.0077312,                   0,            0.008086,            0.008086,            0.008086
                  60,            0.044529,           0.0091905,                   0,             0.76048,             0.60076,             0.67501,             0.22731,            0.048643,           0.0076357,                   0,            0.008053,            0.008053,            0.008053
                  61,            0.044604,           0.0089874,                   0,             0.81628,             0.64794,              0.7124,             0.24316,            0.047423,            0.007691,                   0,             0.00802,             0.00802,             0.00802
                  62,            0.044432,             0.00911,                   0,             0.81237,             0.64549,             0.71104,             0.25244,            0.048639,           0.0077294,                   0,            0.007987,            0.007987,            0.007987
                  63,            0.045012,           0.0093732,                   0,             0.76757,             0.61353,             0.67113,             0.22682,            0.048969,           0.0075957,                   0,            0.007954,            0.007954,            0.007954
                  64,            0.044193,           0.0098913,                   0,             0.78745,             0.65429,             0.72625,             0.26151,            0.047137,            0.007655,                   0,            0.007921,            0.007921,            0.007921
                  65,             0.04465,           0.0089408,                   0,             0.75533,             0.63188,             0.67697,              0.2241,            0.049635,           0.0077426,                   0,            0.007888,            0.007888,            0.007888
                  66,            0.044671,           0.0087805,                   0,             0.80786,             0.61927,             0.71045,             0.23419,            0.048818,           0.0076617,                   0,            0.007855,            0.007855,            0.007855
                  67,            0.045556,           0.0096014,                   0,              0.7768,             0.62261,             0.69351,             0.23283,            0.047923,           0.0076751,                   0,            0.007822,            0.007822,            0.007822
                  68,             0.04551,            0.009092,                   0,             0.86404,             0.65594,             0.74459,             0.25767,            0.046996,           0.0074992,                   0,            0.007789,            0.007789,            0.007789
                  69,            0.045749,           0.0093371,                   0,             0.80772,             0.61239,             0.68615,             0.22298,            0.048149,           0.0075401,                   0,            0.007756,            0.007756,            0.007756
                  70,            0.046318,           0.0087827,                   0,               0.818,             0.63417,              0.7055,             0.24189,            0.047311,           0.0075883,                   0,            0.007723,            0.007723,            0.007723
                  71,            0.045314,            0.009163,                   0,             0.78009,              0.6594,              0.7136,              0.2481,             0.04655,           0.0075112,                   0,             0.00769,             0.00769,             0.00769
                  72,            0.044464,           0.0087335,                   0,             0.71062,             0.62844,             0.65641,             0.21415,            0.048704,           0.0076473,                   0,            0.007657,            0.007657,            0.007657
                  73,            0.045734,           0.0088718,                   0,             0.77345,             0.66055,              0.6998,             0.22831,            0.048042,           0.0074457,                   0,            0.007624,            0.007624,            0.007624
                  74,            0.045564,           0.0086877,                   0,             0.83868,             0.64679,             0.72755,             0.25237,            0.047548,           0.0074703,                   0,            0.007591,            0.007591,            0.007591
                  75,            0.044681,           0.0089106,                   0,             0.82743,             0.64335,             0.72923,             0.24746,            0.047285,           0.0074203,                   0,            0.007558,            0.007558,            0.007558
                  76,            0.044823,           0.0091652,                   0,              0.8132,               0.625,             0.70364,              0.2432,            0.047127,           0.0077192,                   0,            0.007525,            0.007525,            0.007525
                  77,            0.045325,           0.0088949,                   0,             0.79211,             0.62959,              0.6965,             0.23678,            0.047839,           0.0075161,                   0,            0.007492,            0.007492,            0.007492
                  78,            0.044638,           0.0087987,                   0,             0.80071,             0.66055,             0.73327,             0.26163,            0.046061,           0.0074446,                   0,            0.007459,            0.007459,            0.007459
                  79,            0.044531,           0.0087165,                   0,             0.74317,             0.62729,               0.686,             0.22433,            0.048878,           0.0073549,                   0,            0.007426,            0.007426,            0.007426
                  80,            0.046144,           0.0091261,                   0,             0.76859,             0.67431,             0.72871,             0.25057,            0.048024,           0.0074464,                   0,            0.007393,            0.007393,            0.007393
                  81,            0.043887,           0.0092217,                   0,             0.73623,             0.58372,             0.62124,             0.19277,            0.052305,           0.0074992,                   0,             0.00736,             0.00736,             0.00736
                  82,            0.044691,            0.008563,                   0,             0.82259,             0.67775,             0.74193,              0.2677,            0.047097,           0.0073702,                   0,            0.007327,            0.007327,            0.007327
                  83,            0.044946,            0.009055,                   0,             0.80429,             0.59518,              0.6781,             0.23108,            0.047364,           0.0076147,                   0,            0.007294,            0.007294,            0.007294
                  84,            0.044393,           0.0089751,                   0,             0.73613,             0.63985,             0.67993,             0.22762,            0.048565,           0.0075041,                   0,            0.007261,            0.007261,            0.007261
                  85,            0.044885,           0.0088221,                   0,             0.79338,             0.63411,             0.70794,             0.23673,            0.047426,           0.0074491,                   0,            0.007228,            0.007228,            0.007228
                  86,            0.044198,           0.0090525,                   0,             0.76748,             0.66284,             0.72114,             0.24153,            0.046947,           0.0074048,                   0,            0.007195,            0.007195,            0.007195
                  87,            0.044705,           0.0094027,                   0,             0.73645,             0.65138,              0.6929,             0.23097,            0.048854,           0.0074282,                   0,            0.007162,            0.007162,            0.007162
                  88,            0.043714,           0.0089974,                   0,             0.79144,             0.63972,             0.70596,             0.23999,            0.047082,              0.0075,                   0,            0.007129,            0.007129,            0.007129
                  89,            0.044635,           0.0091789,                   0,             0.81761,              0.6272,             0.70496,             0.23143,            0.047751,             0.00749,                   0,            0.007096,            0.007096,            0.007096
                  90,            0.044677,           0.0093203,                   0,             0.78707,             0.65138,             0.71915,             0.24875,            0.046231,           0.0073926,                   0,            0.007063,            0.007063,            0.007063
                  91,            0.044848,            0.008873,                   0,              0.7838,             0.63608,              0.6851,             0.22181,            0.047843,           0.0075205,                   0,             0.00703,             0.00703,             0.00703
                  92,            0.043833,           0.0087513,                   0,             0.80329,             0.63991,             0.71231,             0.24594,            0.047134,           0.0075405,                   0,            0.006997,            0.006997,            0.006997
                  93,            0.043752,           0.0089613,                   0,             0.77347,             0.63991,             0.69227,             0.23605,            0.048012,           0.0076412,                   0,            0.006964,            0.006964,            0.006964
                  94,            0.043588,           0.0088079,                   0,             0.75586,             0.66394,             0.71169,             0.25518,            0.045421,           0.0073566,                   0,            0.006931,            0.006931,            0.006931
                  95,            0.043773,           0.0087532,                   0,             0.83906,             0.60982,             0.70236,             0.23426,            0.048674,           0.0074052,                   0,            0.006898,            0.006898,            0.006898
                  96,            0.043819,           0.0085915,                   0,             0.79805,             0.59862,             0.68352,             0.22099,            0.048332,           0.0076963,                   0,            0.006865,            0.006865,            0.006865
                  97,            0.043259,           0.0087855,                   0,              0.7854,             0.62615,              0.6943,             0.23355,            0.048158,           0.0074877,                   0,            0.006832,            0.006832,            0.006832
                  98,            0.044012,           0.0088595,                   0,             0.81056,             0.61927,             0.70808,             0.23924,            0.047785,           0.0073775,                   0,            0.006799,            0.006799,            0.006799
                  99,            0.043516,           0.0085983,                   0,             0.75185,             0.69145,              0.7278,             0.25326,            0.046959,           0.0072838,                   0,            0.006766,            0.006766,            0.006766
                 100,            0.043856,           0.0092677,                   0,             0.76724,              0.6055,             0.66993,             0.21851,            0.048936,           0.0073774,                   0,            0.006733,            0.006733,            0.006733
                 101,            0.044221,           0.0089494,                   0,             0.82982,             0.60392,             0.69249,             0.23213,            0.048818,           0.0073416,                   0,              0.0067,              0.0067,              0.0067
                 102,            0.043515,           0.0091734,                   0,             0.78238,             0.58133,             0.65608,             0.20853,             0.04839,           0.0077199,                   0,            0.006667,            0.006667,            0.006667
                 103,            0.043731,           0.0084941,                   0,             0.79927,             0.64564,             0.72352,             0.24613,             0.04735,           0.0073549,                   0,            0.006634,            0.006634,            0.006634
                 104,            0.044079,             0.00914,                   0,             0.80121,             0.62959,             0.71099,             0.24045,            0.046734,           0.0074166,                   0,            0.006601,            0.006601,            0.006601
                 105,            0.043093,           0.0088621,                   0,             0.80593,              0.6055,             0.69232,             0.23116,            0.048545,           0.0074791,                   0,            0.006568,            0.006568,            0.006568
                 106,            0.043215,           0.0086284,                   0,             0.82024,             0.65932,             0.72469,             0.24182,            0.047503,           0.0074389,                   0,            0.006535,            0.006535,            0.006535
                 107,            0.043634,           0.0088513,                   0,             0.78074,             0.62959,             0.68786,             0.23778,            0.046965,           0.0077936,                   0,            0.006502,            0.006502,            0.006502
                 108,            0.043363,           0.0091937,                   0,              0.7123,              0.6594,             0.67991,             0.22689,            0.047797,           0.0074379,                   0,            0.006469,            0.006469,            0.006469
                 109,            0.042848,            0.008328,                   0,             0.80962,             0.66514,             0.73399,              0.2514,            0.046013,           0.0073274,                   0,            0.006436,            0.006436,            0.006436
                 110,            0.042992,           0.0087131,                   0,             0.78987,             0.66972,             0.70403,             0.23746,            0.048013,            0.007309,                   0,            0.006403,            0.006403,            0.006403
                 111,            0.043379,           0.0087898,                   0,             0.80215,             0.68348,             0.73534,             0.25843,            0.045985,           0.0073718,                   0,             0.00637,             0.00637,             0.00637
                 112,            0.043871,           0.0090964,                   0,             0.78236,             0.61468,             0.67345,              0.2244,            0.048364,           0.0075728,                   0,            0.006337,            0.006337,            0.006337
                 113,            0.043229,           0.0085708,                   0,             0.77054,             0.66514,             0.71279,             0.23969,            0.047464,           0.0075304,                   0,            0.006304,            0.006304,            0.006304
                 114,            0.043661,           0.0086443,                   0,             0.77322,             0.66514,             0.72647,             0.25161,            0.048363,           0.0074554,                   0,            0.006271,            0.006271,            0.006271
                 115,            0.043005,           0.0084848,                   0,             0.76456,             0.66743,              0.7139,             0.24177,            0.046953,           0.0073951,                   0,            0.006238,            0.006238,            0.006238
                 116,            0.041673,           0.0085518,                   0,             0.79121,             0.64106,             0.71725,             0.24797,            0.046537,           0.0074781,                   0,            0.006205,            0.006205,            0.006205
                 117,             0.04308,           0.0086589,                   0,             0.76043,             0.58241,             0.65053,             0.21185,            0.051208,           0.0074553,                   0,            0.006172,            0.006172,            0.006172
                 118,            0.042722,           0.0085567,                   0,             0.81234,             0.63044,               0.714,              0.2458,            0.045822,           0.0073609,                   0,            0.006139,            0.006139,            0.006139
                 119,            0.042495,           0.0085577,                   0,             0.78672,             0.63073,             0.70581,             0.23928,            0.046395,           0.0073169,                   0,            0.006106,            0.006106,            0.006106
                 120,            0.043404,            0.008438,                   0,             0.82833,             0.67087,             0.73704,             0.25415,            0.046779,           0.0072496,                   0,            0.006073,            0.006073,            0.006073
                 121,            0.043782,           0.0087712,                   0,             0.78431,             0.66743,             0.72419,             0.24561,            0.047541,           0.0073721,                   0,             0.00604,             0.00604,             0.00604
                 122,            0.042459,           0.0085826,                   0,             0.80255,             0.62156,             0.70139,             0.24541,            0.047179,           0.0077335,                   0,            0.006007,            0.006007,            0.006007
                 123,            0.042818,           0.0089952,                   0,             0.79757,             0.62385,             0.71521,             0.24033,            0.048034,           0.0073811,                   0,            0.005974,            0.005974,            0.005974
                 124,            0.042319,           0.0086889,                   0,             0.79881,             0.66934,             0.73261,             0.24917,            0.046297,           0.0073647,                   0,            0.005941,            0.005941,            0.005941
                 125,            0.042057,           0.0087263,                   0,             0.77318,             0.69725,             0.72323,             0.24255,            0.046362,            0.007295,                   0,            0.005908,            0.005908,            0.005908
                 126,            0.041644,           0.0084789,                   0,             0.73732,             0.65343,             0.68538,             0.22909,            0.048328,           0.0076122,                   0,            0.005875,            0.005875,            0.005875
                 127,            0.042196,           0.0087827,                   0,             0.83398,             0.59977,             0.70402,             0.23735,             0.04762,           0.0075078,                   0,            0.005842,            0.005842,            0.005842
                 128,            0.042596,            0.008486,                   0,             0.78321,             0.62146,             0.69895,             0.24118,             0.04874,            0.007529,                   0,            0.005809,            0.005809,            0.005809
                 129,            0.042354,           0.0088692,                   0,             0.84617,             0.62615,             0.72602,             0.25519,            0.047649,           0.0073708,                   0,            0.005776,            0.005776,            0.005776
                 130,            0.042901,           0.0087361,                   0,             0.76155,             0.65194,             0.70695,             0.23646,            0.047841,           0.0074882,                   0,            0.005743,            0.005743,            0.005743
                 131,            0.041238,           0.0088873,                   0,             0.76136,              0.5711,             0.64646,             0.21996,            0.048707,           0.0076005,                   0,             0.00571,             0.00571,             0.00571
                 132,            0.041893,           0.0086863,                   0,             0.78406,             0.67661,             0.72532,             0.25221,            0.046179,            0.007309,                   0,            0.005677,            0.005677,            0.005677
                 133,            0.041802,           0.0085544,                   0,             0.85322,             0.63303,              0.7453,             0.25366,            0.047084,           0.0073459,                   0,            0.005644,            0.005644,            0.005644
                 134,            0.042075,           0.0084106,                   0,               0.811,             0.65482,             0.73934,             0.25037,            0.047004,           0.0072876,                   0,            0.005611,            0.005611,            0.005611
                 135,            0.043118,           0.0086166,                   0,               0.776,             0.68119,             0.72172,             0.24325,            0.047255,           0.0073647,                   0,            0.005578,            0.005578,            0.005578
                 136,            0.041271,           0.0086303,                   0,             0.78857,             0.61812,             0.69975,              0.2383,            0.048021,           0.0075239,                   0,            0.005545,            0.005545,            0.005545
                 137,            0.041528,           0.0086174,                   0,             0.76181,             0.60206,             0.65927,             0.21687,            0.049198,           0.0075461,                   0,            0.005512,            0.005512,            0.005512
                 138,            0.041858,           0.0084986,                   0,             0.81895,             0.64321,             0.72819,             0.24835,            0.046772,           0.0073604,                   0,            0.005479,            0.005479,            0.005479
                 139,            0.041351,           0.0084211,                   0,             0.79182,             0.62375,             0.69542,             0.23846,            0.048107,           0.0073778,                   0,            0.005446,            0.005446,            0.005446
                 140,            0.041513,           0.0083307,                   0,             0.79726,             0.65711,             0.70958,             0.24562,            0.047583,           0.0073844,                   0,            0.005413,            0.005413,            0.005413
                 141,            0.041815,           0.0088622,                   0,             0.75764,             0.65367,             0.69223,             0.23029,            0.047471,           0.0074082,                   0,             0.00538,             0.00538,             0.00538
                 142,            0.042295,           0.0082919,                   0,             0.85004,             0.63876,             0.73112,             0.24966,            0.046859,            0.007377,                   0,            0.005347,            0.005347,            0.005347
                 143,            0.041829,           0.0090302,                   0,             0.81287,             0.60773,             0.68879,             0.23281,            0.048551,           0.0073834,                   0,            0.005314,            0.005314,            0.005314
                 144,            0.041524,           0.0085718,                   0,              0.8155,             0.66401,             0.72246,             0.24937,            0.046358,           0.0074036,                   0,            0.005281,            0.005281,            0.005281
                 145,            0.041711,           0.0083675,                   0,             0.83019,             0.63417,              0.7145,             0.25186,            0.046716,           0.0073809,                   0,            0.005248,            0.005248,            0.005248
                 146,            0.041744,           0.0083563,                   0,             0.77526,             0.69228,             0.73542,             0.25194,            0.045778,           0.0072629,                   0,            0.005215,            0.005215,            0.005215
                 147,            0.041729,            0.008604,                   0,             0.81973,             0.61533,             0.70185,             0.24041,            0.046788,           0.0073559,                   0,            0.005182,            0.005182,            0.005182
                 148,            0.040813,           0.0084983,                   0,             0.78585,             0.66493,             0.71725,             0.25171,            0.046342,           0.0073261,                   0,            0.005149,            0.005149,            0.005149
                 149,            0.040939,           0.0089377,                   0,             0.79164,              0.6594,             0.71396,             0.24868,            0.047231,           0.0073859,                   0,            0.005116,            0.005116,            0.005116
                 150,            0.040846,           0.0084537,                   0,             0.78082,             0.64548,             0.70205,             0.23441,            0.047385,           0.0074574,                   0,            0.005083,            0.005083,            0.005083
                 151,            0.039771,           0.0086583,                   0,             0.82543,             0.63532,              0.7192,             0.24998,            0.047779,           0.0073057,                   0,             0.00505,             0.00505,             0.00505
                 152,            0.041763,           0.0080901,                   0,             0.77139,             0.64908,             0.69774,              0.2371,            0.047266,           0.0073378,                   0,            0.005017,            0.005017,            0.005017
                 153,            0.041095,           0.0087201,                   0,             0.79204,             0.64908,             0.71985,             0.25147,            0.046602,           0.0073753,                   0,            0.004984,            0.004984,            0.004984
                 154,            0.041053,           0.0083572,                   0,             0.81776,             0.63294,             0.70767,             0.24565,            0.047332,           0.0074574,                   0,            0.004951,            0.004951,            0.004951
                 155,            0.040717,            0.008547,                   0,             0.79121,             0.66514,             0.72803,             0.24963,            0.046271,           0.0073111,                   0,            0.004918,            0.004918,            0.004918
                 156,             0.04033,           0.0084015,                   0,             0.76378,             0.68227,             0.72081,             0.25343,            0.046787,           0.0073329,                   0,            0.004885,            0.004885,            0.004885
                 157,            0.040196,           0.0084218,                   0,             0.82206,              0.6422,             0.71882,             0.24432,            0.047992,           0.0073054,                   0,            0.004852,            0.004852,            0.004852
                 158,            0.040306,           0.0081335,                   0,             0.79046,             0.63417,             0.68839,             0.23299,            0.047634,           0.0074289,                   0,            0.004819,            0.004819,            0.004819
                 159,            0.040135,           0.0079882,                   0,             0.70957,             0.66399,             0.68721,              0.2329,            0.048396,           0.0074092,                   0,            0.004786,            0.004786,            0.004786
                 160,            0.039887,           0.0088607,                   0,             0.80918,             0.65826,             0.72335,             0.25413,            0.047262,           0.0073368,                   0,            0.004753,            0.004753,            0.004753
                 161,            0.040634,           0.0083506,                   0,             0.82396,             0.63876,             0.71874,             0.25529,            0.047306,           0.0073176,                   0,             0.00472,             0.00472,             0.00472
                 162,            0.040913,           0.0081511,                   0,             0.76252,             0.66399,             0.71222,             0.24527,             0.04783,           0.0072855,                   0,            0.004687,            0.004687,            0.004687
                 163,            0.040476,           0.0084617,                   0,             0.71559,             0.69249,             0.69689,             0.23497,             0.04789,           0.0073244,                   0,            0.004654,            0.004654,            0.004654
                 164,            0.041256,            0.008118,                   0,             0.78079,             0.67546,             0.71669,             0.24637,            0.047945,           0.0072983,                   0,            0.004621,            0.004621,            0.004621
                 165,            0.040188,           0.0083751,                   0,             0.80673,             0.62709,             0.69069,             0.22736,            0.049209,           0.0074467,                   0,            0.004588,            0.004588,            0.004588
                 166,             0.04058,           0.0079797,                   0,             0.79585,              0.6706,             0.73165,              0.2547,            0.047205,           0.0073908,                   0,            0.004555,            0.004555,            0.004555
                 167,             0.04075,           0.0087039,                   0,             0.75842,             0.64446,             0.69248,             0.23427,            0.047249,           0.0074721,                   0,            0.004522,            0.004522,            0.004522
                 168,            0.041408,           0.0081901,                   0,             0.77353,              0.6933,             0.72577,             0.24942,            0.047648,           0.0073409,                   0,            0.004489,            0.004489,            0.004489
                 169,            0.040692,           0.0085478,                   0,             0.80213,             0.66972,             0.71935,             0.24907,            0.047983,           0.0074416,                   0,            0.004456,            0.004456,            0.004456
                 170,            0.040379,           0.0081736,                   0,             0.78763,             0.66774,              0.7164,             0.25103,            0.047633,           0.0074334,                   0,            0.004423,            0.004423,            0.004423
                 171,             0.03996,           0.0082518,                   0,             0.81624,             0.64182,             0.72246,              0.2513,            0.047514,           0.0075111,                   0,             0.00439,             0.00439,             0.00439
                 172,            0.039984,           0.0079468,                   0,             0.77889,             0.62729,             0.69172,             0.23737,            0.047918,           0.0075742,                   0,            0.004357,            0.004357,            0.004357
                 173,            0.040551,           0.0082902,                   0,             0.79461,             0.65826,             0.72164,             0.25063,            0.046722,           0.0073258,                   0,            0.004324,            0.004324,            0.004324
                 174,            0.040104,           0.0084659,                   0,             0.75391,             0.65023,             0.69526,              0.2346,            0.048255,           0.0073393,                   0,            0.004291,            0.004291,            0.004291
                 175,            0.040041,           0.0078918,                   0,             0.79371,             0.61812,             0.69378,             0.23853,            0.049307,           0.0074268,                   0,            0.004258,            0.004258,            0.004258
                 176,             0.04052,           0.0080966,                   0,             0.77591,             0.67546,             0.71913,             0.25116,            0.048672,            0.007421,                   0,            0.004225,            0.004225,            0.004225
                 177,             0.04016,           0.0080086,                   0,             0.73863,             0.69151,             0.71858,             0.24043,            0.048813,            0.007363,                   0,            0.004192,            0.004192,            0.004192
                 178,            0.039711,            0.008193,                   0,             0.75053,             0.68312,             0.72137,              0.2507,            0.048375,           0.0073481,                   0,            0.004159,            0.004159,            0.004159
                 179,            0.039476,           0.0081425,                   0,             0.76186,              0.6789,             0.72412,              0.2504,             0.04821,           0.0074028,                   0,            0.004126,            0.004126,            0.004126
                 180,            0.039389,           0.0084354,                   0,             0.75495,             0.69246,             0.72696,             0.24823,            0.047964,           0.0073865,                   0,            0.004093,            0.004093,            0.004093
                 181,            0.038663,           0.0080714,                   0,             0.82715,             0.66055,             0.74059,             0.25917,            0.046468,           0.0072828,                   0,             0.00406,             0.00406,             0.00406
                 182,            0.039398,            0.008699,                   0,             0.81141,             0.65138,             0.72438,             0.25185,            0.047068,           0.0072795,                   0,            0.004027,            0.004027,            0.004027
